gpcr_id,g_protein_family,coupling,source
P08908,Gq,0,gpcrdb_iuphar
Q969N4,Gs,0,gpcrdb_iuphar
Q969N4,Gi,0,gpcrdb_iuphar
Q969N4,Gq,0,gpcrdb_iuphar
O75473,G12_13,0,gpcrdb_iuphar
O75473,Gs,0,gpcrdb_iuphar
O75473,Gi,0,gpcrdb_iuphar
O75473,Gq,0,gpcrdb_iuphar
Q9BXB1,G12_13,0,gpcrdb_iuphar
Q9BXB1,Gs,0,gpcrdb_iuphar
Q969N4,G12_13,0,gpcrdb_iuphar
Q9BXB1,Gi,0,gpcrdb_iuphar
P32249,G12_13,0,gpcrdb_iuphar
P32249,Gs,0,gpcrdb_iuphar
P32249,Gi,1,gpcrdb_iuphar
P32249,Gq,0,gpcrdb_iuphar
O15218,G12_13,0,gpcrdb_iuphar
O15218,Gs,0,gpcrdb_iuphar
O15218,Gi,0,gpcrdb_iuphar
O15218,Gq,0,gpcrdb_iuphar
Q14439,G12_13,0,gpcrdb_iuphar
Q9BXB1,Gq,0,gpcrdb_iuphar
Q9HBX8,Gq,0,gpcrdb_iuphar
Q9HBX8,Gi,0,gpcrdb_iuphar
Q9HBX8,Gs,0,gpcrdb_iuphar
Q96AM1,G12_13,0,gpcrdb_iuphar
Q96AM1,Gs,0,gpcrdb_iuphar
Q96AM1,Gi,0,gpcrdb_iuphar
Q96AM1,Gq,0,gpcrdb_iuphar
Q86SM8,G12_13,0,gpcrdb_iuphar
Q86SM8,Gs,0,gpcrdb_iuphar
Q86SM8,Gi,0,gpcrdb_iuphar
Q86SM8,Gq,0,gpcrdb_iuphar
Q8TDS7,G12_13,0,gpcrdb_iuphar
Q8TDS7,Gs,0,gpcrdb_iuphar
Q8TDS7,Gi,1,gpcrdb_iuphar
Q8TDS7,Gq,1,gpcrdb_iuphar
P35410,G12_13,0,gpcrdb_iuphar
P35410,Gs,0,gpcrdb_iuphar
P35410,Gi,0,gpcrdb_iuphar
P35410,Gq,0,gpcrdb_iuphar
P04201,G12_13,0,gpcrdb_iuphar
P04201,Gs,0,gpcrdb_iuphar
P04201,Gi,1,gpcrdb_iuphar
P04201,Gq,1,gpcrdb_iuphar
Q9HBX8,G12_13,0,gpcrdb_iuphar
Q14439,Gs,0,gpcrdb_iuphar
Q14439,Gi,0,gpcrdb_iuphar
Q14439,Gq,0,gpcrdb_iuphar
Q9BXC1,G12_13,0,gpcrdb_iuphar
Q6NV75,Gi,0,gpcrdb_iuphar
Q6NV75,Gq,0,gpcrdb_iuphar
Q8TDT2,G12_13,0,gpcrdb_iuphar
Q8TDT2,Gs,0,gpcrdb_iuphar
Q8TDT2,Gi,0,gpcrdb_iuphar
Q8TDT2,Gq,0,gpcrdb_iuphar
Q8TDV0,G12_13,0,gpcrdb_iuphar
Q8TDV0,Gs,0,gpcrdb_iuphar
Q8TDV0,Gi,0,gpcrdb_iuphar
Q8TDV0,Gq,0,gpcrdb_iuphar
Q8NGU9,G12_13,0,gpcrdb_iuphar
Q8NGU9,Gs,0,gpcrdb_iuphar
Q8NGU9,Gi,0,gpcrdb_iuphar
Q8NGU9,Gq,0,gpcrdb_iuphar
Q86SP6,G12_13,0,gpcrdb_iuphar
Q86SP6,Gs,0,gpcrdb_iuphar
Q86SP6,Gi,0,gpcrdb_iuphar
Q86SP6,Gq,0,gpcrdb_iuphar
Q8TDV2,G12_13,0,gpcrdb_iuphar
Q8TDV2,Gs,0,gpcrdb_iuphar
Q8TDV2,Gi,0,gpcrdb_iuphar
Q6NV75,Gs,0,gpcrdb_iuphar
Q86SM5,Gq,0,gpcrdb_iuphar
Q6NV75,G12_13,0,gpcrdb_iuphar
Q9UJ42,Gi,0,gpcrdb_iuphar
Q9BXC1,Gs,0,gpcrdb_iuphar
Q9BXC1,Gi,0,gpcrdb_iuphar
Q9BXC1,Gq,0,gpcrdb_iuphar
Q9NS66,G12_13,0,gpcrdb_iuphar
Q9NS66,Gs,0,gpcrdb_iuphar
Q9NS66,Gi,0,gpcrdb_iuphar
Q9NS66,Gq,0,gpcrdb_iuphar
O14626,G12_13,0,gpcrdb_iuphar
O14626,Gs,0,gpcrdb_iuphar
O14626,Gi,0,gpcrdb_iuphar
O14626,Gq,0,gpcrdb_iuphar
Q16538,G12_13,0,gpcrdb_iuphar
Q16538,Gs,0,gpcrdb_iuphar
Q16538,Gi,0,gpcrdb_iuphar
Q16538,Gq,0,gpcrdb_iuphar
Q8N6U8,G12_13,0,gpcrdb_iuphar
Q8N6U8,Gs,0,gpcrdb_iuphar
Q8N6U8,Gi,0,gpcrdb_iuphar
Q8N6U8,Gq,0,gpcrdb_iuphar
Q9UJ42,G12_13,0,gpcrdb_iuphar
Q9UJ42,Gs,0,gpcrdb_iuphar
Q9UJ42,Gq,0,gpcrdb_iuphar
Q86SM5,Gi,0,gpcrdb_iuphar
Q86SM5,Gs,0,gpcrdb_iuphar
Q86SM5,G12_13,0,gpcrdb_iuphar
P43220,Gs,1,gpcrdb_iuphar
P43220,Gi,0,gpcrdb_iuphar
P43220,Gq,0,gpcrdb_iuphar
P48546,G12_13,0,gpcrdb_iuphar
P48546,Gs,1,gpcrdb_iuphar
P48546,Gi,0,gpcrdb_iuphar
P48546,Gq,0,gpcrdb_iuphar
Q02643,G12_13,0,gpcrdb_iuphar
Q02643,Gs,1,gpcrdb_iuphar
Q02643,Gi,0,gpcrdb_iuphar
Q02643,Gq,0,gpcrdb_iuphar
Q13324,G12_13,0,gpcrdb_iuphar
Q13324,Gs,1,gpcrdb_iuphar
Q13324,Gi,0,gpcrdb_iuphar
Q13324,Gq,1,gpcrdb_iuphar
P34998-2,G12_13,0,gpcrdb_iuphar
P34998-2,Gs,1,gpcrdb_iuphar
P34998-2,Gi,0,gpcrdb_iuphar
P34998-2,Gq,1,gpcrdb_iuphar
Q16602,G12_13,0,gpcrdb_iuphar
Q16602,Gs,0,gpcrdb_iuphar
P43220,G12_13,0,gpcrdb_iuphar
Q16602,Gi,0,gpcrdb_iuphar
O95838,Gq,0,gpcrdb_iuphar
O95838,Gs,1,gpcrdb_iuphar
P41586,G12_13,0,gpcrdb_iuphar
P41586,Gs,1,gpcrdb_iuphar
P41586,Gi,0,gpcrdb_iuphar
P41586,Gq,1,gpcrdb_iuphar
P49190,G12_13,0,gpcrdb_iuphar
P49190,Gs,0,gpcrdb_iuphar
P49190,Gi,0,gpcrdb_iuphar
P49190,Gq,0,gpcrdb_iuphar
Q03431,G12_13,0,gpcrdb_iuphar
Q03431,Gs,1,gpcrdb_iuphar
Q03431,Gi,0,gpcrdb_iuphar
Q03431,Gq,1,gpcrdb_iuphar
P47872,G12_13,0,gpcrdb_iuphar
P47872,Gs,1,gpcrdb_iuphar
P47872,Gi,0,gpcrdb_iuphar
P47872,Gq,0,gpcrdb_iuphar
P47871,G12_13,0,gpcrdb_iuphar
P47871,Gs,1,gpcrdb_iuphar
P47871,Gi,0,gpcrdb_iuphar
P47871,Gq,0,gpcrdb_iuphar
O95838,G12_13,0,gpcrdb_iuphar
O95838,Gi,0,gpcrdb_iuphar
Q8TDV2,Gq,0,gpcrdb_iuphar
Q16602,Gq,0,gpcrdb_iuphar
P30988-2,Gs,1,gpcrdb_iuphar
O00398,Gq,0,gpcrdb_iuphar
Q86VZ1,G12_13,0,gpcrdb_iuphar
Q86VZ1,Gs,0,gpcrdb_iuphar
Q86VZ1,Gi,0,gpcrdb_iuphar
Q86VZ1,Gq,0,gpcrdb_iuphar
Q96LA9,G12_13,0,gpcrdb_iuphar
Q96LA9,Gs,0,gpcrdb_iuphar
Q96LA9,Gi,0,gpcrdb_iuphar
Q96LA9,Gq,1,gpcrdb_iuphar
Q96LB0,G12_13,0,gpcrdb_iuphar
Q96LB0,Gs,0,gpcrdb_iuphar
Q96LB0,Gi,0,gpcrdb_iuphar
Q96LB0,Gq,1,gpcrdb_iuphar
Q96LB1,G12_13,0,gpcrdb_iuphar
Q96LB1,Gs,0,gpcrdb_iuphar
Q96LB1,Gi,1,gpcrdb_iuphar
Q96LB1,Gq,1,gpcrdb_iuphar
Q96LB2,G12_13,0,gpcrdb_iuphar
Q96LB2,Gs,0,gpcrdb_iuphar
Q96LB2,Gi,0,gpcrdb_iuphar
Q96LB2,Gq,1,gpcrdb_iuphar
O00398,Gi,0,gpcrdb_iuphar
P30988-2,G12_13,0,gpcrdb_iuphar
O00398,Gs,0,gpcrdb_iuphar
Q9P1P5,Gq,0,gpcrdb_iuphar
P30988-2,Gi,0,gpcrdb_iuphar
P30988-2,Gq,1,gpcrdb_iuphar
Q96RI9,G12_13,0,gpcrdb_iuphar
Q96RI9,Gs,0,gpcrdb_iuphar
Q96RI9,Gi,0,gpcrdb_iuphar
Q96RI9,Gq,0,gpcrdb_iuphar
Q96RI8,G12_13,0,gpcrdb_iuphar
Q96RI8,Gs,0,gpcrdb_iuphar
Q96RI8,Gi,0,gpcrdb_iuphar
Q96RI8,Gq,0,gpcrdb_iuphar
O14804,G12_13,0,gpcrdb_iuphar
O14804,Gs,0,gpcrdb_iuphar
O14804,Gi,0,gpcrdb_iuphar
O14804,Gq,0,gpcrdb_iuphar
Q9P1P4,G12_13,0,gpcrdb_iuphar
Q9P1P4,Gs,0,gpcrdb_iuphar
Q9P1P4,Gi,0,gpcrdb_iuphar
Q9P1P4,Gq,0,gpcrdb_iuphar
Q9P1P5,G12_13,0,gpcrdb_iuphar
Q9P1P5,Gs,0,gpcrdb_iuphar
Q9P1P5,Gi,0,gpcrdb_iuphar
O00398,G12_13,0,gpcrdb_iuphar
Q96CH1,G12_13,0,gpcrdb_iuphar
Q96CH1,Gs,0,gpcrdb_iuphar
Q96CH1,Gi,0,gpcrdb_iuphar
Q8NDV2,G12_13,0,gpcrdb_iuphar
Q8NDV2,Gs,1,gpcrdb_iuphar
Q8NDV2,Gi,0,gpcrdb_iuphar
Q8NDV2,Gq,0,gpcrdb_iuphar
O00155,G12_13,0,gpcrdb_iuphar
O00155,Gs,0,gpcrdb_iuphar
O00155,Gi,0,gpcrdb_iuphar
O00155,Gq,0,gpcrdb_iuphar
Q99680,G12_13,0,gpcrdb_iuphar
Q99680,Gs,0,gpcrdb_iuphar
Q99680,Gi,1,gpcrdb_iuphar
Q99680,Gq,0,gpcrdb_iuphar
Q99679,G12_13,0,gpcrdb_iuphar
Q99679,Gs,0,gpcrdb_iuphar
Q99679,Gi,0,gpcrdb_iuphar
Q99679,Gq,0,gpcrdb_iuphar
Q99678,G12_13,0,gpcrdb_iuphar
Q99678,Gs,0,gpcrdb_iuphar
Q99678,Gi,1,gpcrdb_iuphar
Q99678,Gq,0,gpcrdb_iuphar
Q15760,G12_13,0,gpcrdb_iuphar
Q9NS67,Gq,1,gpcrdb_iuphar
Q15760,Gs,0,gpcrdb_iuphar
Q9NS67,Gi,0,gpcrdb_iuphar
Q9NS67,G12_13,0,gpcrdb_iuphar
O15354,Gq,0,gpcrdb_iuphar
Q9HC97,G12_13,0,gpcrdb_iuphar
Q9HC97,Gs,0,gpcrdb_iuphar
Q9HC97,Gi,0,gpcrdb_iuphar
Q9HC97,Gq,0,gpcrdb_iuphar
Q9UPC5,G12_13,0,gpcrdb_iuphar
Q9UPC5,Gs,0,gpcrdb_iuphar
Q9UPC5,Gi,1,gpcrdb_iuphar
Q9UPC5,Gq,0,gpcrdb_iuphar
Q49SQ1,G12_13,0,gpcrdb_iuphar
Q49SQ1,Gs,0,gpcrdb_iuphar
Q49SQ1,Gi,1,gpcrdb_iuphar
Q49SQ1,Gq,0,gpcrdb_iuphar
O75388,G12_13,0,gpcrdb_iuphar
O75388,Gs,0,gpcrdb_iuphar
O75388,Gi,0,gpcrdb_iuphar
O75388,Gq,0,gpcrdb_iuphar
O00270,G12_13,0,gpcrdb_iuphar
O00270,Gs,0,gpcrdb_iuphar
O00270,Gi,1,gpcrdb_iuphar
O00270,Gq,0,gpcrdb_iuphar
Q9NS67,Gs,0,gpcrdb_iuphar
O15354,Gi,1,gpcrdb_iuphar
Q15760,Gi,0,gpcrdb_iuphar
Q13304,G12_13,0,gpcrdb_iuphar
P46091,Gq,0,gpcrdb_iuphar
P04000,G12_13,0,gpcrdb_iuphar
P04000,Gs,0,gpcrdb_iuphar
P04000,Gi,0,gpcrdb_iuphar
P04000,Gq,0,gpcrdb_iuphar
P04001,G12_13,0,gpcrdb_iuphar
P04001,Gs,0,gpcrdb_iuphar
P04001,Gi,0,gpcrdb_iuphar
P04001,Gq,0,gpcrdb_iuphar
P03999,G12_13,0,gpcrdb_iuphar
P03999,Gs,0,gpcrdb_iuphar
P03999,Gi,0,gpcrdb_iuphar
P03999,Gq,0,gpcrdb_iuphar
Q6U736,G12_13,0,gpcrdb_iuphar
Q6U736,Gs,0,gpcrdb_iuphar
Q6U736,Gi,1,gpcrdb_iuphar
Q6U736,Gq,0,gpcrdb_iuphar
Q9H1Y3,G12_13,0,gpcrdb_iuphar
Q9H1Y3,Gs,0,gpcrdb_iuphar
Q9H1Y3,Gi,0,gpcrdb_iuphar
Q9H1Y3,Gq,0,gpcrdb_iuphar
P46091,Gi,0,gpcrdb_iuphar
Q15760,Gq,0,gpcrdb_iuphar
P46091,Gs,0,gpcrdb_iuphar
P46089,Gq,0,gpcrdb_iuphar
Q13304,Gs,0,gpcrdb_iuphar
Q13304,Gi,1,gpcrdb_iuphar
Q13304,Gq,1,gpcrdb_iuphar
P49685,G12_13,0,gpcrdb_iuphar
P49685,Gs,0,gpcrdb_iuphar
P49685,Gi,0,gpcrdb_iuphar
P47775,G12_13,0,gpcrdb_iuphar
P47775,Gs,1,gpcrdb_iuphar
P47775,Gi,1,gpcrdb_iuphar
P47775,Gq,0,gpcrdb_iuphar
P46095,G12_13,0,gpcrdb_iuphar
P46095,Gs,1,gpcrdb_iuphar
P46095,Gi,1,gpcrdb_iuphar
P46095,Gq,0,gpcrdb_iuphar
P46093,G12_13,1,gpcrdb_iuphar
P46093,Gs,1,gpcrdb_iuphar
P46093,Gi,1,gpcrdb_iuphar
P46093,Gq,1,gpcrdb_iuphar
P46089,G12_13,0,gpcrdb_iuphar
P46089,Gs,1,gpcrdb_iuphar
P46089,Gi,0,gpcrdb_iuphar
P46091,G12_13,0,gpcrdb_iuphar
P32241,Gq,1,gpcrdb_iuphar
O15354,Gs,0,gpcrdb_iuphar
O60883,Gq,0,gpcrdb_iuphar
Q9GZN0,G12_13,0,gpcrdb_iuphar
Q9GZN0,Gs,0,gpcrdb_iuphar
Q9GZN0,Gi,0,gpcrdb_iuphar
Q9GZN0,Gq,0,gpcrdb_iuphar
Q9BY21,G12_13,0,gpcrdb_iuphar
Q9BY21,Gs,0,gpcrdb_iuphar
Q9BY21,Gi,0,gpcrdb_iuphar
Q9BY21,Gq,0,gpcrdb_iuphar
P60893,G12_13,0,gpcrdb_iuphar
P60893,Gs,0,gpcrdb_iuphar
P60893,Gi,0,gpcrdb_iuphar
P60893,Gq,0,gpcrdb_iuphar
Q9NQS5,G12_13,0,gpcrdb_iuphar
Q9NQS5,Gs,0,gpcrdb_iuphar
Q9NQS5,Gi,1,gpcrdb_iuphar
Q9NQS5,Gq,0,gpcrdb_iuphar
Q9NYM4,G12_13,0,gpcrdb_iuphar
Q9NYM4,Gs,0,gpcrdb_iuphar
Q9NYM4,Gi,0,gpcrdb_iuphar
Q9NYM4,Gq,0,gpcrdb_iuphar
Q96P67,G12_13,0,gpcrdb_iuphar
Q96P66,Gq,0,gpcrdb_iuphar
Q96P67,Gs,0,gpcrdb_iuphar
Q96P66,Gi,0,gpcrdb_iuphar
Q96P66,G12_13,0,gpcrdb_iuphar
Q96CH1,Gq,0,gpcrdb_iuphar
Q7Z601,G12_13,0,gpcrdb_iuphar
Q7Z601,Gs,0,gpcrdb_iuphar
Q7Z601,Gi,0,gpcrdb_iuphar
Q7Z601,Gq,0,gpcrdb_iuphar
Q7Z602,G12_13,0,gpcrdb_iuphar
Q7Z602,Gs,0,gpcrdb_iuphar
Q7Z602,Gi,0,gpcrdb_iuphar
Q7Z602,Gq,0,gpcrdb_iuphar
Q6DWJ6,G12_13,0,gpcrdb_iuphar
Q6DWJ6,Gs,0,gpcrdb_iuphar
Q6DWJ6,Gi,0,gpcrdb_iuphar
Q6DWJ6,Gq,1,gpcrdb_iuphar
Q8IZ08,G12_13,0,gpcrdb_iuphar
Q8IZ08,Gs,0,gpcrdb_iuphar
Q8IZ08,Gi,0,gpcrdb_iuphar
Q8IZ08,Gq,0,gpcrdb_iuphar
Q9UNW8,G12_13,0,gpcrdb_iuphar
Q9UNW8,Gs,0,gpcrdb_iuphar
Q9UNW8,Gi,0,gpcrdb_iuphar
Q9UNW8,Gq,0,gpcrdb_iuphar
Q96P66,Gs,1,gpcrdb_iuphar
O15354,G12_13,0,gpcrdb_iuphar
Q96P67,Gi,0,gpcrdb_iuphar
Q96P69,G12_13,0,gpcrdb_iuphar
Q9BZJ8,Gi,0,gpcrdb_iuphar
Q9BZJ8,Gq,0,gpcrdb_iuphar
Q9Y2T5,G12_13,0,gpcrdb_iuphar
Q9Y2T5,Gs,0,gpcrdb_iuphar
Q9Y2T5,Gi,0,gpcrdb_iuphar
Q9Y2T5,Gq,0,gpcrdb_iuphar
Q13585,G12_13,0,gpcrdb_iuphar
Q13585,Gs,0,gpcrdb_iuphar
Q13585,Gi,0,gpcrdb_iuphar
Q13585,Gq,0,gpcrdb_iuphar
Q9Y5Y3,G12_13,0,gpcrdb_iuphar
Q9Y5Y3,Gs,0,gpcrdb_iuphar
Q9Y5Y3,Gi,0,gpcrdb_iuphar
Q9Y5Y3,Gq,0,gpcrdb_iuphar
O43194,G12_13,1,gpcrdb_iuphar
O43194,Gs,1,gpcrdb_iuphar
O43194,Gi,0,gpcrdb_iuphar
O43194,Gq,1,gpcrdb_iuphar
O60883,G12_13,0,gpcrdb_iuphar
O60883,Gs,0,gpcrdb_iuphar
O60883,Gi,1,gpcrdb_iuphar
Q9BZJ8,Gs,0,gpcrdb_iuphar
Q96P67,Gq,0,gpcrdb_iuphar
Q9BZJ8,G12_13,0,gpcrdb_iuphar
Q9BZJ7,Gi,0,gpcrdb_iuphar
Q96P69,Gs,1,gpcrdb_iuphar
Q96P69,Gi,0,gpcrdb_iuphar
Q96P69,Gq,0,gpcrdb_iuphar
O95800,G12_13,0,gpcrdb_iuphar
O95800,Gs,0,gpcrdb_iuphar
O95800,Gi,0,gpcrdb_iuphar
O95800,Gq,1,gpcrdb_iuphar
Q15743,G12_13,0,gpcrdb_iuphar
Q15743,Gs,0,gpcrdb_iuphar
Q15743,Gi,1,gpcrdb_iuphar
Q15743,Gq,1,gpcrdb_iuphar
Q8IYL9,G12_13,0,gpcrdb_iuphar
Q8IYL9,Gs,1,gpcrdb_iuphar
Q8IYL9,Gi,0,gpcrdb_iuphar
Q8IYL9,Gq,0,gpcrdb_iuphar
Q9BZJ6,G12_13,0,gpcrdb_iuphar
Q9BZJ6,Gs,0,gpcrdb_iuphar
Q9BZJ6,Gi,0,gpcrdb_iuphar
Q9BZJ6,Gq,0,gpcrdb_iuphar
Q9BZJ7,G12_13,0,gpcrdb_iuphar
Q9BZJ7,Gs,0,gpcrdb_iuphar
Q9BZJ7,Gq,0,gpcrdb_iuphar
P32241,Gi,1,gpcrdb_iuphar
P32241,Gs,1,gpcrdb_iuphar
P32241,G12_13,0,gpcrdb_iuphar
Q9NYW1,Gs,0,gpcrdb_iuphar
Q9NYW1,Gi,0,gpcrdb_iuphar
Q9NYW1,Gq,0,gpcrdb_iuphar
Q99835,G12_13,1,gpcrdb_iuphar
Q99835,Gs,0,gpcrdb_iuphar
Q99835,Gi,1,gpcrdb_iuphar
Q99835,Gq,0,gpcrdb_iuphar
Q9ULW2,G12_13,1,gpcrdb_iuphar
Q9ULW2,Gs,0,gpcrdb_iuphar
Q9ULW2,Gi,0,gpcrdb_iuphar
Q9ULW2,Gq,0,gpcrdb_iuphar
O00144,G12_13,0,gpcrdb_iuphar
O00144,Gs,0,gpcrdb_iuphar
O00144,Gi,1,gpcrdb_iuphar
O00144,Gq,0,gpcrdb_iuphar
Q9H461,G12_13,0,gpcrdb_iuphar
Q9H461,Gs,0,gpcrdb_iuphar
Q9H461,Gi,0,gpcrdb_iuphar
Q9H461,Gq,0,gpcrdb_iuphar
O75084,G12_13,0,gpcrdb_iuphar
O75084,Gs,1,gpcrdb_iuphar
Q9NYW1,G12_13,0,gpcrdb_iuphar
O75084,Gi,1,gpcrdb_iuphar
Q9NYW0,Gq,0,gpcrdb_iuphar
Q9NYW0,Gs,0,gpcrdb_iuphar
Q9NYW4,G12_13,0,gpcrdb_iuphar
Q9NYW4,Gs,0,gpcrdb_iuphar
Q9NYW4,Gi,0,gpcrdb_iuphar
Q9NYW4,Gq,0,gpcrdb_iuphar
Q9NYW5,G12_13,0,gpcrdb_iuphar
Q9NYW5,Gs,0,gpcrdb_iuphar
Q9NYW5,Gi,0,gpcrdb_iuphar
Q9NYW5,Gq,0,gpcrdb_iuphar
Q9NYW6,G12_13,0,gpcrdb_iuphar
Q9NYW6,Gs,0,gpcrdb_iuphar
Q9NYW6,Gi,0,gpcrdb_iuphar
Q9NYW6,Gq,0,gpcrdb_iuphar
Q9NYW7,G12_13,0,gpcrdb_iuphar
Q9NYW7,Gs,0,gpcrdb_iuphar
Q9NYW7,Gi,0,gpcrdb_iuphar
Q9NYW7,Gq,0,gpcrdb_iuphar
Q9NYW2,G12_13,0,gpcrdb_iuphar
Q9NYW2,Gs,0,gpcrdb_iuphar
Q9NYW2,Gi,0,gpcrdb_iuphar
Q9NYW2,Gq,0,gpcrdb_iuphar
Q9NYW0,G12_13,0,gpcrdb_iuphar
Q9NYW0,Gi,0,gpcrdb_iuphar
Q9NYW3,Gq,0,gpcrdb_iuphar
O75084,Gq,0,gpcrdb_iuphar
O60353,Gs,0,gpcrdb_iuphar
Q5T6X5,Gq,1,gpcrdb_iuphar
Q9NZD1,G12_13,0,gpcrdb_iuphar
Q9NZD1,Gs,0,gpcrdb_iuphar
Q9NZD1,Gi,0,gpcrdb_iuphar
Q9NZD1,Gq,0,gpcrdb_iuphar
Q9NQ84,G12_13,0,gpcrdb_iuphar
Q9NQ84,Gs,0,gpcrdb_iuphar
Q9NQ84,Gi,0,gpcrdb_iuphar
Q9NQ84,Gq,0,gpcrdb_iuphar
Q9NZH0,G12_13,0,gpcrdb_iuphar
Q9NZH0,Gs,0,gpcrdb_iuphar
Q9NZH0,Gi,0,gpcrdb_iuphar
Q9NZH0,Gq,0,gpcrdb_iuphar
Q8NFJ5,G12_13,0,gpcrdb_iuphar
Q8NFJ5,Gs,0,gpcrdb_iuphar
Q8NFJ5,Gi,0,gpcrdb_iuphar
Q8NFJ5,Gq,0,gpcrdb_iuphar
Q6PRD1,G12_13,0,gpcrdb_iuphar
Q6PRD1,Gs,0,gpcrdb_iuphar
Q6PRD1,Gi,0,gpcrdb_iuphar
Q6PRD1,Gq,0,gpcrdb_iuphar
Q5T6X5,Gi,0,gpcrdb_iuphar
O60353,G12_13,0,gpcrdb_iuphar
Q5T6X5,Gs,0,gpcrdb_iuphar
Q9NPG1,Gq,0,gpcrdb_iuphar
O60353,Gi,1,gpcrdb_iuphar
O60353,Gq,1,gpcrdb_iuphar
Q13467,G12_13,0,gpcrdb_iuphar
Q13467,Gs,0,gpcrdb_iuphar
Q13467,Gi,0,gpcrdb_iuphar
Q13467,Gq,0,gpcrdb_iuphar
Q9ULV1,G12_13,1,gpcrdb_iuphar
Q9ULV1,Gs,0,gpcrdb_iuphar
Q9ULV1,Gi,0,gpcrdb_iuphar
Q9ULV1,Gq,0,gpcrdb_iuphar
Q14332,G12_13,0,gpcrdb_iuphar
Q14332,Gs,0,gpcrdb_iuphar
Q14332,Gi,1,gpcrdb_iuphar
Q14332,Gq,0,gpcrdb_iuphar
Q9UP38,G12_13,0,gpcrdb_iuphar
Q9UP38,Gs,0,gpcrdb_iuphar
Q9UP38,Gi,1,gpcrdb_iuphar
Q9UP38,Gq,1,gpcrdb_iuphar
Q9NPG1,G12_13,0,gpcrdb_iuphar
Q9NPG1,Gs,1,gpcrdb_iuphar
Q9NPG1,Gi,0,gpcrdb_iuphar
Q5T6X5,G12_13,0,gpcrdb_iuphar
Q5T848,G12_13,0,gpcrdb_iuphar
Q9NYW3,Gi,0,gpcrdb_iuphar
Q9NYW3,G12_13,0,gpcrdb_iuphar
Q5VW38,Gs,0,gpcrdb_iuphar
Q5VW38,Gi,0,gpcrdb_iuphar
Q5VW38,Gq,0,gpcrdb_iuphar
P59551,G12_13,0,gpcrdb_iuphar
P59551,Gs,0,gpcrdb_iuphar
P59551,Gi,0,gpcrdb_iuphar
P59551,Gq,0,gpcrdb_iuphar
P59544,G12_13,0,gpcrdb_iuphar
P59544,Gs,0,gpcrdb_iuphar
P59544,Gi,0,gpcrdb_iuphar
P59544,Gq,0,gpcrdb_iuphar
P59540,G12_13,0,gpcrdb_iuphar
P59540,Gs,0,gpcrdb_iuphar
P59540,Gi,0,gpcrdb_iuphar
P59540,Gq,0,gpcrdb_iuphar
P59539,G12_13,0,gpcrdb_iuphar
P59539,Gs,0,gpcrdb_iuphar
P59539,Gi,0,gpcrdb_iuphar
P59539,Gq,0,gpcrdb_iuphar
P59537,G12_13,0,gpcrdb_iuphar
P59537,Gs,0,gpcrdb_iuphar
Q5VW38,G12_13,0,gpcrdb_iuphar
P59537,Gi,0,gpcrdb_iuphar
Q96N19,Gq,0,gpcrdb_iuphar
Q96N19,Gs,0,gpcrdb_iuphar
D6VTK4,G12_13,0,gpcrdb_iuphar
D6VTK4,Gs,0,gpcrdb_iuphar
D6VTK4,Gi,0,gpcrdb_iuphar
D6VTK4,Gq,0,gpcrdb_iuphar
Q5UAW9,G12_13,0,gpcrdb_iuphar
Q5UAW9,Gs,0,gpcrdb_iuphar
Q5UAW9,Gi,0,gpcrdb_iuphar
Q5UAW9,Gq,0,gpcrdb_iuphar
P51810,G12_13,0,gpcrdb_iuphar
P51810,Gs,0,gpcrdb_iuphar
P51810,Gi,0,gpcrdb_iuphar
P51810,Gq,0,gpcrdb_iuphar
Q86W33,G12_13,0,gpcrdb_iuphar
Q86W33,Gs,0,gpcrdb_iuphar
Q86W33,Gi,0,gpcrdb_iuphar
Q86W33,Gq,0,gpcrdb_iuphar
Q8TCB6,G12_13,0,gpcrdb_iuphar
Q8TCB6,Gs,0,gpcrdb_iuphar
Q8TCB6,Gi,0,gpcrdb_iuphar
Q8TCB6,Gq,0,gpcrdb_iuphar
Q96N19,G12_13,0,gpcrdb_iuphar
Q96N19,Gi,0,gpcrdb_iuphar
Q9NYW3,Gs,0,gpcrdb_iuphar
P59537,Gq,0,gpcrdb_iuphar
Q7RTR8,Gs,0,gpcrdb_iuphar
P59541,Gq,0,gpcrdb_iuphar
P59543,G12_13,0,gpcrdb_iuphar
P59543,Gs,0,gpcrdb_iuphar
P59543,Gi,0,gpcrdb_iuphar
P59543,Gq,0,gpcrdb_iuphar
P59542,G12_13,0,gpcrdb_iuphar
P59542,Gs,0,gpcrdb_iuphar
P59542,Gi,0,gpcrdb_iuphar
P59542,Gq,0,gpcrdb_iuphar
Q9NYV7,G12_13,0,gpcrdb_iuphar
Q9NYV7,Gs,0,gpcrdb_iuphar
Q9NYV7,Gi,0,gpcrdb_iuphar
Q9NYV7,Gq,0,gpcrdb_iuphar
Q9NYV8,G12_13,0,gpcrdb_iuphar
Q9NYV8,Gs,0,gpcrdb_iuphar
Q9NYV8,Gi,0,gpcrdb_iuphar
Q9NYV8,Gq,0,gpcrdb_iuphar
Q9NYV9,G12_13,0,gpcrdb_iuphar
Q9NYV9,Gs,0,gpcrdb_iuphar
Q9NYV9,Gi,0,gpcrdb_iuphar
Q9NYV9,Gq,0,gpcrdb_iuphar
P59541,Gi,0,gpcrdb_iuphar
Q7RTR8,G12_13,0,gpcrdb_iuphar
P59541,Gs,0,gpcrdb_iuphar
P59538,Gq,0,gpcrdb_iuphar
Q7RTR8,Gi,0,gpcrdb_iuphar
Q7RTR8,Gq,0,gpcrdb_iuphar
P59536,G12_13,0,gpcrdb_iuphar
P59536,Gs,0,gpcrdb_iuphar
P59536,Gi,0,gpcrdb_iuphar
P59536,Gq,0,gpcrdb_iuphar
P59535,G12_13,0,gpcrdb_iuphar
P59535,Gs,0,gpcrdb_iuphar
P59535,Gi,0,gpcrdb_iuphar
P59535,Gq,0,gpcrdb_iuphar
P59534,G12_13,0,gpcrdb_iuphar
P59534,Gs,0,gpcrdb_iuphar
P59534,Gi,0,gpcrdb_iuphar
P59534,Gq,0,gpcrdb_iuphar
P59533,G12_13,0,gpcrdb_iuphar
P59533,Gs,0,gpcrdb_iuphar
P59533,Gi,0,gpcrdb_iuphar
P59533,Gq,0,gpcrdb_iuphar
P59538,G12_13,0,gpcrdb_iuphar
P59538,Gs,0,gpcrdb_iuphar
P59538,Gi,0,gpcrdb_iuphar
P59541,G12_13,0,gpcrdb_iuphar
Q9UHM6,G12_13,0,gpcrdb_iuphar
Q5T848,Gs,0,gpcrdb_iuphar
Q5T848,Gq,0,gpcrdb_iuphar
Q7Z7M1,Gs,0,gpcrdb_iuphar
Q7Z7M1,Gi,0,gpcrdb_iuphar
Q7Z7M1,Gq,0,gpcrdb_iuphar
Q6QNK2,G12_13,0,gpcrdb_iuphar
Q6QNK2,Gs,1,gpcrdb_iuphar
Q6QNK2,Gi,0,gpcrdb_iuphar
Q6QNK2,Gq,0,gpcrdb_iuphar
Q9NYQ7,G12_13,0,gpcrdb_iuphar
Q9NYQ7,Gs,0,gpcrdb_iuphar
Q9NYQ7,Gi,0,gpcrdb_iuphar
Q9NYQ7,Gq,0,gpcrdb_iuphar
Q9HCU4,G12_13,0,gpcrdb_iuphar
Q9HCU4,Gs,0,gpcrdb_iuphar
Q9HCU4,Gi,0,gpcrdb_iuphar
Q9HCU4,Gq,0,gpcrdb_iuphar
Q9NYQ6,G12_13,0,gpcrdb_iuphar
Q9NYQ6,Gs,0,gpcrdb_iuphar
Q9NYQ6,Gi,0,gpcrdb_iuphar
Q9NYQ6,Gq,0,gpcrdb_iuphar
Q8IWK6,G12_13,0,gpcrdb_iuphar
Q8IWK6,Gs,0,gpcrdb_iuphar
Q7Z7M1,G12_13,0,gpcrdb_iuphar
Q8IWK6,Gi,0,gpcrdb_iuphar
Q5T601,Gq,0,gpcrdb_iuphar
Q5T601,Gs,0,gpcrdb_iuphar
O14514,G12_13,0,gpcrdb_iuphar
O14514,Gs,0,gpcrdb_iuphar
O14514,Gi,0,gpcrdb_iuphar
O14514,Gq,0,gpcrdb_iuphar
Q8IZF2,G12_13,0,gpcrdb_iuphar
Q8IZF2,Gs,0,gpcrdb_iuphar
Q8IZF2,Gi,0,gpcrdb_iuphar
Q8IZF2,Gq,0,gpcrdb_iuphar
Q8IZF3,G12_13,0,gpcrdb_iuphar
Q8IZF3,Gs,0,gpcrdb_iuphar
Q8IZF3,Gi,0,gpcrdb_iuphar
Q8IZF3,Gq,0,gpcrdb_iuphar
Q8IZF5,G12_13,0,gpcrdb_iuphar
Q8IZF5,Gs,0,gpcrdb_iuphar
Q8IZF5,Gi,0,gpcrdb_iuphar
Q8IZF5,Gq,0,gpcrdb_iuphar
Q8IZF7,G12_13,0,gpcrdb_iuphar
Q8IZF7,Gs,0,gpcrdb_iuphar
Q8IZF7,Gi,0,gpcrdb_iuphar
Q8IZF7,Gq,0,gpcrdb_iuphar
Q5T601,G12_13,0,gpcrdb_iuphar
Q5T601,Gi,0,gpcrdb_iuphar
O60241,Gq,0,gpcrdb_iuphar
Q8IWK6,Gq,0,gpcrdb_iuphar
Q96PE1,Gs,0,gpcrdb_iuphar
Q14246,Gq,0,gpcrdb_iuphar
Q9HBW9,G12_13,0,gpcrdb_iuphar
Q9HBW9,Gs,0,gpcrdb_iuphar
Q9HBW9,Gi,0,gpcrdb_iuphar
Q9HBW9,Gq,0,gpcrdb_iuphar
Q9HAR2,G12_13,0,gpcrdb_iuphar
Q9HAR2,Gs,0,gpcrdb_iuphar
Q9HAR2,Gi,0,gpcrdb_iuphar
Q9HAR2,Gq,0,gpcrdb_iuphar
O95490,G12_13,0,gpcrdb_iuphar
O95490,Gs,0,gpcrdb_iuphar
O95490,Gi,0,gpcrdb_iuphar
O95490,Gq,0,gpcrdb_iuphar
O94910,G12_13,0,gpcrdb_iuphar
O94910,Gs,0,gpcrdb_iuphar
O94910,Gi,0,gpcrdb_iuphar
O94910,Gq,1,gpcrdb_iuphar
P41587,G12_13,0,gpcrdb_iuphar
P41587,Gs,1,gpcrdb_iuphar
P41587,Gi,0,gpcrdb_iuphar
P41587,Gq,0,gpcrdb_iuphar
Q14246,Gi,0,gpcrdb_iuphar
Q96PE1,G12_13,0,gpcrdb_iuphar
Q14246,Gs,0,gpcrdb_iuphar
Q9UHX3,Gq,1,gpcrdb_iuphar
Q96PE1,Gi,0,gpcrdb_iuphar
Q96PE1,Gq,0,gpcrdb_iuphar
Q86SQ6,G12_13,0,gpcrdb_iuphar
Q86SQ6,Gs,0,gpcrdb_iuphar
Q86SQ6,Gi,0,gpcrdb_iuphar
Q86SQ6,Gq,0,gpcrdb_iuphar
P48960,G12_13,1,gpcrdb_iuphar
P48960,Gs,0,gpcrdb_iuphar
P48960,Gi,0,gpcrdb_iuphar
P48960,Gq,0,gpcrdb_iuphar
Q86SQ3,G12_13,0,gpcrdb_iuphar
Q86SQ3,Gs,0,gpcrdb_iuphar
Q86SQ3,Gi,0,gpcrdb_iuphar
Q86SQ3,Gq,0,gpcrdb_iuphar
Q9BY15,G12_13,0,gpcrdb_iuphar
Q9BY15,Gs,0,gpcrdb_iuphar
Q9BY15,Gi,0,gpcrdb_iuphar
Q9BY15,Gq,0,gpcrdb_iuphar
Q9UHX3,G12_13,0,gpcrdb_iuphar
Q9UHX3,Gs,0,gpcrdb_iuphar
Q9UHX3,Gi,0,gpcrdb_iuphar
Q14246,G12_13,0,gpcrdb_iuphar
Q5T848,Gi,0,gpcrdb_iuphar
O60241,Gi,0,gpcrdb_iuphar
O60241,G12_13,0,gpcrdb_iuphar
O15303,Gs,0,gpcrdb_iuphar
O15303,Gi,1,gpcrdb_iuphar
O15303,Gq,0,gpcrdb_iuphar
P41594,G12_13,0,gpcrdb_iuphar
P41594,Gs,1,gpcrdb_iuphar
P41594,Gi,1,gpcrdb_iuphar
P41594,Gq,1,gpcrdb_iuphar
Q14833,G12_13,0,gpcrdb_iuphar
Q14833,Gs,0,gpcrdb_iuphar
Q14833,Gi,1,gpcrdb_iuphar
Q14833,Gq,0,gpcrdb_iuphar
Q14832,G12_13,0,gpcrdb_iuphar
Q14832,Gs,0,gpcrdb_iuphar
Q14832,Gi,1,gpcrdb_iuphar
Q14832,Gq,0,gpcrdb_iuphar
Q14416,G12_13,0,gpcrdb_iuphar
Q14416,Gs,0,gpcrdb_iuphar
Q14416,Gi,1,gpcrdb_iuphar
Q14416,Gq,0,gpcrdb_iuphar
Q13255,G12_13,0,gpcrdb_iuphar
Q13255,Gs,1,gpcrdb_iuphar
O15303,G12_13,0,gpcrdb_iuphar
Q13255,Gi,1,gpcrdb_iuphar
Q14831,Gq,0,gpcrdb_iuphar
Q14831,Gs,0,gpcrdb_iuphar
Q8NFN8,G12_13,0,gpcrdb_iuphar
Q8NFN8,Gs,0,gpcrdb_iuphar
Q8NFN8,Gi,0,gpcrdb_iuphar
Q8NFN8,Gq,0,gpcrdb_iuphar
Q7RTX0,G12_13,0,gpcrdb_iuphar
Q7RTX0,Gs,0,gpcrdb_iuphar
Q7RTX0,Gi,0,gpcrdb_iuphar
Q7RTX0,Gq,0,gpcrdb_iuphar
Q8TE23,G12_13,0,gpcrdb_iuphar
Q8TE23,Gs,0,gpcrdb_iuphar
Q8TE23,Gi,0,gpcrdb_iuphar
Q8TE23,Gq,0,gpcrdb_iuphar
Q7RTX1,G12_13,0,gpcrdb_iuphar
Q7RTX1,Gs,0,gpcrdb_iuphar
Q7RTX1,Gi,0,gpcrdb_iuphar
Q7RTX1,Gq,0,gpcrdb_iuphar
O00222,G12_13,0,gpcrdb_iuphar
O00222,Gs,0,gpcrdb_iuphar
O00222,Gi,1,gpcrdb_iuphar
O00222,Gq,0,gpcrdb_iuphar
Q14831,G12_13,0,gpcrdb_iuphar
Q14831,Gi,1,gpcrdb_iuphar
O60241,Gs,0,gpcrdb_iuphar
Q13255,Gq,1,gpcrdb_iuphar
O75899,Gs,0,gpcrdb_iuphar
Q8IZF4,Gq,0,gpcrdb_iuphar
Q8IZF6,G12_13,0,gpcrdb_iuphar
Q8IZF6,Gs,0,gpcrdb_iuphar
Q8IZF6,Gi,0,gpcrdb_iuphar
Q8IZF6,Gq,0,gpcrdb_iuphar
Q86Y34,G12_13,0,gpcrdb_iuphar
Q86Y34,Gs,0,gpcrdb_iuphar
Q86Y34,Gi,1,gpcrdb_iuphar
Q86Y34,Gq,0,gpcrdb_iuphar
Q8IZP9,G12_13,0,gpcrdb_iuphar
Q8IZP9,Gs,0,gpcrdb_iuphar
Q8IZP9,Gi,0,gpcrdb_iuphar
Q8IZP9,Gq,1,gpcrdb_iuphar
Q9Y653,G12_13,1,gpcrdb_iuphar
Q9Y653,Gs,0,gpcrdb_iuphar
Q9Y653,Gi,0,gpcrdb_iuphar
Q9Y653,Gq,1,gpcrdb_iuphar
O60242,G12_13,0,gpcrdb_iuphar
O60242,Gs,0,gpcrdb_iuphar
O60242,Gi,0,gpcrdb_iuphar
O60242,Gq,0,gpcrdb_iuphar
Q8IZF4,Gi,0,gpcrdb_iuphar
O75899,G12_13,0,gpcrdb_iuphar
Q8IZF4,Gs,0,gpcrdb_iuphar
Q86SQ4,Gq,0,gpcrdb_iuphar
O75899,Gi,0,gpcrdb_iuphar
O75899,Gq,0,gpcrdb_iuphar
Q9UBS5,G12_13,0,gpcrdb_iuphar
Q9UBS5,Gs,0,gpcrdb_iuphar
Q9UBS5,Gi,0,gpcrdb_iuphar
Q9UBS5,Gq,0,gpcrdb_iuphar
P41180,G12_13,1,gpcrdb_iuphar
P41180,Gs,0,gpcrdb_iuphar
P41180,Gi,1,gpcrdb_iuphar
P41180,Gq,1,gpcrdb_iuphar
Q8WXG9,G12_13,0,gpcrdb_iuphar
Q8WXG9,Gs,0,gpcrdb_iuphar
Q8WXG9,Gi,0,gpcrdb_iuphar
Q8WXG9,Gq,0,gpcrdb_iuphar
Q96K78,G12_13,0,gpcrdb_iuphar
Q96K78,Gs,0,gpcrdb_iuphar
Q96K78,Gi,0,gpcrdb_iuphar
Q96K78,Gq,0,gpcrdb_iuphar
Q86SQ4,G12_13,0,gpcrdb_iuphar
Q86SQ4,Gs,0,gpcrdb_iuphar
Q86SQ4,Gi,0,gpcrdb_iuphar
Q8IZF4,G12_13,0,gpcrdb_iuphar
Q9UHM6,Gs,0,gpcrdb_iuphar
P49685,Gq,0,gpcrdb_iuphar
Q9UHM6,Gq,1,gpcrdb_iuphar
O43193,G12_13,1,gpcrdb_iuphar
O43193,Gs,0,gpcrdb_iuphar
O43193,Gi,0,gpcrdb_iuphar
O43193,Gq,1,gpcrdb_iuphar
P33032,G12_13,0,gpcrdb_iuphar
P33032,Gs,1,gpcrdb_iuphar
P33032,Gi,0,gpcrdb_iuphar
P33032,Gq,0,gpcrdb_iuphar
P32245,G12_13,0,gpcrdb_iuphar
P32245,Gs,1,gpcrdb_iuphar
P32245,Gi,0,gpcrdb_iuphar
P32245,Gq,0,gpcrdb_iuphar
P41968,G12_13,0,gpcrdb_iuphar
P41968,Gs,1,gpcrdb_iuphar
P41968,Gi,0,gpcrdb_iuphar
P41968,Gq,0,gpcrdb_iuphar
Q01718,G12_13,0,gpcrdb_iuphar
Q01718,Gs,1,gpcrdb_iuphar
Q01718,Gi,0,gpcrdb_iuphar
Q01718,Gq,0,gpcrdb_iuphar
Q01726,G12_13,0,gpcrdb_iuphar
Q9HB89,Gq,1,gpcrdb_iuphar
Q01726,Gs,1,gpcrdb_iuphar
Q9HB89,Gi,0,gpcrdb_iuphar
Q9HB89,G12_13,0,gpcrdb_iuphar
P48146,Gq,0,gpcrdb_iuphar
P48145,G12_13,0,gpcrdb_iuphar
P48145,Gs,0,gpcrdb_iuphar
P48145,Gi,1,gpcrdb_iuphar
P48145,Gq,0,gpcrdb_iuphar
Q6W5P4,G12_13,0,gpcrdb_iuphar
Q6W5P4,Gs,1,gpcrdb_iuphar
Q6W5P4,Gi,0,gpcrdb_iuphar
Q6W5P4,Gq,1,gpcrdb_iuphar
Q9Y5X5,G12_13,0,gpcrdb_iuphar
Q9Y5X5,Gs,0,gpcrdb_iuphar
Q9Y5X5,Gi,1,gpcrdb_iuphar
Q9Y5X5,Gq,0,gpcrdb_iuphar
Q9GZQ6,G12_13,0,gpcrdb_iuphar
Q9GZQ6,Gs,0,gpcrdb_iuphar
Q9GZQ6,Gi,1,gpcrdb_iuphar
Q9GZQ6,Gq,0,gpcrdb_iuphar
Q9GZQ4,G12_13,0,gpcrdb_iuphar
Q9GZQ4,Gs,0,gpcrdb_iuphar
Q9GZQ4,Gi,0,gpcrdb_iuphar
Q9GZQ4,Gq,1,gpcrdb_iuphar
Q9HB89,Gs,0,gpcrdb_iuphar
P48146,Gi,1,gpcrdb_iuphar
Q01726,Gi,0,gpcrdb_iuphar
Q969V1,G12_13,0,gpcrdb_iuphar
O43603,Gi,1,gpcrdb_iuphar
O43603,Gq,1,gpcrdb_iuphar
P47211,G12_13,0,gpcrdb_iuphar
P47211,Gs,0,gpcrdb_iuphar
P47211,Gi,1,gpcrdb_iuphar
P47211,Gq,0,gpcrdb_iuphar
P25089,G12_13,0,gpcrdb_iuphar
P25089,Gs,0,gpcrdb_iuphar
P25089,Gi,1,gpcrdb_iuphar
P25089,Gq,0,gpcrdb_iuphar
P25090,G12_13,0,gpcrdb_iuphar
P25090,Gs,0,gpcrdb_iuphar
P25090,Gi,1,gpcrdb_iuphar
P25090,Gq,1,gpcrdb_iuphar
P21462,G12_13,0,gpcrdb_iuphar
P21462,Gs,0,gpcrdb_iuphar
P21462,Gi,1,gpcrdb_iuphar
P21462,Gq,0,gpcrdb_iuphar
P24530,G12_13,0,gpcrdb_iuphar
P24530,Gs,1,gpcrdb_iuphar
P24530,Gi,1,gpcrdb_iuphar
O43603,Gs,0,gpcrdb_iuphar
Q01726,Gq,0,gpcrdb_iuphar
O43603,G12_13,1,gpcrdb_iuphar
O60755,Gi,1,gpcrdb_iuphar
Q969V1,Gs,0,gpcrdb_iuphar
Q969V1,Gi,0,gpcrdb_iuphar
Q969V1,Gq,1,gpcrdb_iuphar
Q99705,G12_13,0,gpcrdb_iuphar
Q99705,Gs,1,gpcrdb_iuphar
Q99705,Gi,1,gpcrdb_iuphar
Q99705,Gq,1,gpcrdb_iuphar
Q969F8,G12_13,0,gpcrdb_iuphar
Q969F8,Gs,0,gpcrdb_iuphar
Q969F8,Gi,0,gpcrdb_iuphar
Q969F8,Gq,1,gpcrdb_iuphar
P30968,G12_13,0,gpcrdb_iuphar
P30968,Gs,0,gpcrdb_iuphar
P30968,Gi,1,gpcrdb_iuphar
P30968,Gq,1,gpcrdb_iuphar
Q92847,G12_13,1,gpcrdb_iuphar
Q92847,Gs,0,gpcrdb_iuphar
Q92847,Gi,1,gpcrdb_iuphar
Q92847,Gq,1,gpcrdb_iuphar
O60755,G12_13,0,gpcrdb_iuphar
O60755,Gs,0,gpcrdb_iuphar
O60755,Gq,0,gpcrdb_iuphar
P24530,Gq,1,gpcrdb_iuphar
P48146,Gs,0,gpcrdb_iuphar
P25929,Gq,0,gpcrdb_iuphar
P55085,G12_13,0,gpcrdb_iuphar
P55085,Gs,0,gpcrdb_iuphar
P55085,Gi,0,gpcrdb_iuphar
P55085,Gq,0,gpcrdb_iuphar
P25116,G12_13,0,gpcrdb_iuphar
P25116,Gs,0,gpcrdb_iuphar
P25116,Gi,0,gpcrdb_iuphar
P25116,Gq,0,gpcrdb_iuphar
P49683,G12_13,0,gpcrdb_iuphar
P49683,Gs,0,gpcrdb_iuphar
P49683,Gi,0,gpcrdb_iuphar
P49683,Gq,0,gpcrdb_iuphar
Q96P65,G12_13,0,gpcrdb_iuphar
Q96P65,Gs,0,gpcrdb_iuphar
Q96P65,Gi,1,gpcrdb_iuphar
Q9UHM6,Gi,1,gpcrdb_iuphar
O43614,G12_13,0,gpcrdb_iuphar
O43614,Gs,1,gpcrdb_iuphar
O43614,Gi,1,gpcrdb_iuphar
O43614,Gq,1,gpcrdb_iuphar
O43613,G12_13,0,gpcrdb_iuphar
O00254,Gq,0,gpcrdb_iuphar
O43613,Gs,1,gpcrdb_iuphar
O00254,Gi,0,gpcrdb_iuphar
O00254,G12_13,0,gpcrdb_iuphar
P30872,Gq,0,gpcrdb_iuphar
Q8TDU9,G12_13,0,gpcrdb_iuphar
Q8TDU9,Gs,0,gpcrdb_iuphar
Q8TDU9,Gi,1,gpcrdb_iuphar
Q8TDU9,Gq,0,gpcrdb_iuphar
Q9NSD7,G12_13,0,gpcrdb_iuphar
Q9NSD7,Gs,0,gpcrdb_iuphar
Q9NSD7,Gi,1,gpcrdb_iuphar
Q9NSD7,Gq,0,gpcrdb_iuphar
Q8WXD0,G12_13,0,gpcrdb_iuphar
Q8WXD0,Gs,1,gpcrdb_iuphar
Q8WXD0,Gi,1,gpcrdb_iuphar
Q8WXD0,Gq,0,gpcrdb_iuphar
Q9HBX9,G12_13,0,gpcrdb_iuphar
Q9HBX9,Gs,1,gpcrdb_iuphar
Q9HBX9,Gi,1,gpcrdb_iuphar
Q9HBX9,Gq,0,gpcrdb_iuphar
Q96RI0,G12_13,0,gpcrdb_iuphar
Q96RI0,Gs,0,gpcrdb_iuphar
Q96RI0,Gi,0,gpcrdb_iuphar
Q96RI0,Gq,0,gpcrdb_iuphar
O00254,Gs,0,gpcrdb_iuphar
P48146,G12_13,0,gpcrdb_iuphar
O43613,Gi,1,gpcrdb_iuphar
P41146,G12_13,0,gpcrdb_iuphar
Q99463,Gi,0,gpcrdb_iuphar
Q99463,Gq,0,gpcrdb_iuphar
Q15761,G12_13,0,gpcrdb_iuphar
Q15761,Gs,0,gpcrdb_iuphar
Q15761,Gi,1,gpcrdb_iuphar
Q15761,Gq,0,gpcrdb_iuphar
P50391,G12_13,0,gpcrdb_iuphar
P50391,Gs,0,gpcrdb_iuphar
P50391,Gi,1,gpcrdb_iuphar
P50391,Gq,1,gpcrdb_iuphar
P49146,G12_13,0,gpcrdb_iuphar
P49146,Gs,0,gpcrdb_iuphar
P49146,Gi,1,gpcrdb_iuphar
P49146,Gq,1,gpcrdb_iuphar
P25024,G12_13,0,gpcrdb_iuphar
P25024,Gs,0,gpcrdb_iuphar
P25024,Gi,1,gpcrdb_iuphar
P25024,Gq,1,gpcrdb_iuphar
P25929,G12_13,0,gpcrdb_iuphar
P25929,Gs,0,gpcrdb_iuphar
P25929,Gi,1,gpcrdb_iuphar
Q99463,Gs,0,gpcrdb_iuphar
O43613,Gq,1,gpcrdb_iuphar
Q99463,G12_13,0,gpcrdb_iuphar
P30989,Gi,1,gpcrdb_iuphar
P41146,Gs,0,gpcrdb_iuphar
P41146,Gi,1,gpcrdb_iuphar
P41146,Gq,0,gpcrdb_iuphar
P35372,G12_13,0,gpcrdb_iuphar
P35372,Gs,0,gpcrdb_iuphar
P35372,Gi,1,gpcrdb_iuphar
P35372,Gq,1,gpcrdb_iuphar
P41145,G12_13,1,gpcrdb_iuphar
P41145,Gs,0,gpcrdb_iuphar
P41145,Gi,1,gpcrdb_iuphar
P41145,Gq,0,gpcrdb_iuphar
P41143,G12_13,0,gpcrdb_iuphar
P41143,Gs,0,gpcrdb_iuphar
P41143,Gi,1,gpcrdb_iuphar
P41143,Gq,0,gpcrdb_iuphar
O95665,G12_13,0,gpcrdb_iuphar
O95665,Gs,0,gpcrdb_iuphar
O95665,Gi,0,gpcrdb_iuphar
O95665,Gq,1,gpcrdb_iuphar
P30989,G12_13,0,gpcrdb_iuphar
P30989,Gs,1,gpcrdb_iuphar
P30989,Gq,1,gpcrdb_iuphar
P30872,Gi,1,gpcrdb_iuphar
P25101,G12_13,0,gpcrdb_iuphar
P25101,Gi,0,gpcrdb_iuphar
P08912,G12_13,0,gpcrdb_iuphar
P08912,Gs,0,gpcrdb_iuphar
P08912,Gi,0,gpcrdb_iuphar
P08912,Gq,1,gpcrdb_iuphar
P08173,G12_13,0,gpcrdb_iuphar
P08173,Gs,0,gpcrdb_iuphar
P08173,Gi,1,gpcrdb_iuphar
P08173,Gq,0,gpcrdb_iuphar
P20309,G12_13,0,gpcrdb_iuphar
P20309,Gs,0,gpcrdb_iuphar
P20309,Gi,0,gpcrdb_iuphar
P20309,Gq,1,gpcrdb_iuphar
P14416,G12_13,0,gpcrdb_iuphar
P14416,Gs,0,gpcrdb_iuphar
P14416,Gi,1,gpcrdb_iuphar
P14416,Gq,0,gpcrdb_iuphar
P08172,G12_13,0,gpcrdb_iuphar
P08172,Gs,1,gpcrdb_iuphar
P08172,Gi,1,gpcrdb_iuphar
P08172,Gq,1,gpcrdb_iuphar
P11229,G12_13,0,gpcrdb_iuphar
P35348,Gq,1,gpcrdb_iuphar
P11229,Gs,0,gpcrdb_iuphar
P35348,Gi,0,gpcrdb_iuphar
P35348,G12_13,1,gpcrdb_iuphar
P08588,Gq,0,gpcrdb_iuphar
P18825,G12_13,0,gpcrdb_iuphar
P18825,Gs,1,gpcrdb_iuphar
P18825,Gi,1,gpcrdb_iuphar
P18825,Gq,0,gpcrdb_iuphar
P18089,G12_13,0,gpcrdb_iuphar
P18089,Gs,1,gpcrdb_iuphar
P18089,Gi,1,gpcrdb_iuphar
P18089,Gq,0,gpcrdb_iuphar
P08913,G12_13,0,gpcrdb_iuphar
P08913,Gs,1,gpcrdb_iuphar
P08913,Gi,1,gpcrdb_iuphar
P08913,Gq,0,gpcrdb_iuphar
P25100,G12_13,0,gpcrdb_iuphar
P25100,Gs,0,gpcrdb_iuphar
P25100,Gi,0,gpcrdb_iuphar
P25100,Gq,1,gpcrdb_iuphar
P35368,G12_13,0,gpcrdb_iuphar
P35368,Gs,0,gpcrdb_iuphar
P35368,Gi,0,gpcrdb_iuphar
P35368,Gq,1,gpcrdb_iuphar
P35348,Gs,0,gpcrdb_iuphar
P08588,Gi,1,gpcrdb_iuphar
P11229,Gi,0,gpcrdb_iuphar
P34969,G12_13,0,gpcrdb_iuphar
P28223,Gi,1,gpcrdb_iuphar
P28223,Gq,1,gpcrdb_iuphar
P30939,G12_13,0,gpcrdb_iuphar
P30939,Gs,0,gpcrdb_iuphar
P30939,Gi,1,gpcrdb_iuphar
P30939,Gq,0,gpcrdb_iuphar
P28566,G12_13,0,gpcrdb_iuphar
P28566,Gs,0,gpcrdb_iuphar
P28566,Gi,1,gpcrdb_iuphar
P28566,Gq,0,gpcrdb_iuphar
P28221,G12_13,0,gpcrdb_iuphar
P28221,Gs,0,gpcrdb_iuphar
P28221,Gi,1,gpcrdb_iuphar
P28221,Gq,0,gpcrdb_iuphar
P28222,G12_13,0,gpcrdb_iuphar
P28222,Gs,0,gpcrdb_iuphar
P28222,Gi,1,gpcrdb_iuphar
P28222,Gq,0,gpcrdb_iuphar
P08908,G12_13,0,gpcrdb_iuphar
P08908,Gs,0,gpcrdb_iuphar
P08908,Gi,1,gpcrdb_iuphar
P28223,Gs,0,gpcrdb_iuphar
P11229,Gq,1,gpcrdb_iuphar
P28223,G12_13,0,gpcrdb_iuphar
P41595,Gi,0,gpcrdb_iuphar
P34969,Gs,1,gpcrdb_iuphar
P34969,Gi,0,gpcrdb_iuphar
P34969,Gq,0,gpcrdb_iuphar
P50406,G12_13,0,gpcrdb_iuphar
P50406,Gs,1,gpcrdb_iuphar
P50406,Gi,0,gpcrdb_iuphar
P50406,Gq,1,gpcrdb_iuphar
P47898,G12_13,0,gpcrdb_iuphar
P47898,Gs,0,gpcrdb_iuphar
P47898,Gi,1,gpcrdb_iuphar
P47898,Gq,1,gpcrdb_iuphar
Q13639,G12_13,1,gpcrdb_iuphar
Q13639,Gs,1,gpcrdb_iuphar
Q13639,Gi,0,gpcrdb_iuphar
Q13639,Gq,0,gpcrdb_iuphar
P28335,G12_13,0,gpcrdb_iuphar
P28335,Gs,0,gpcrdb_iuphar
P28335,Gi,1,gpcrdb_iuphar
P28335,Gq,1,gpcrdb_iuphar
P41595,G12_13,0,gpcrdb_iuphar
P41595,Gs,0,gpcrdb_iuphar
P41595,Gq,1,gpcrdb_iuphar
P25101,Gs,0,gpcrdb_iuphar
P08588,Gs,1,gpcrdb_iuphar
P07550,Gq,0,gpcrdb_iuphar
P46663,G12_13,0,gpcrdb_iuphar
P46663,Gs,0,gpcrdb_iuphar
P46663,Gi,1,gpcrdb_iuphar
P46663,Gq,1,gpcrdb_iuphar
P32247,G12_13,0,gpcrdb_iuphar
P32247,Gs,0,gpcrdb_iuphar
P32247,Gi,0,gpcrdb_iuphar
P32247,Gq,1,gpcrdb_iuphar
P30550,G12_13,0,gpcrdb_iuphar
P30550,Gs,0,gpcrdb_iuphar
P30550,Gi,0,gpcrdb_iuphar
P30550,Gq,1,gpcrdb_iuphar
P28336,G12_13,0,gpcrdb_iuphar
P28336,Gs,0,gpcrdb_iuphar
P28336,Gi,0,gpcrdb_iuphar
P28336,Gq,1,gpcrdb_iuphar
P35414,G12_13,0,gpcrdb_iuphar
P35414,Gs,0,gpcrdb_iuphar
P35414,Gi,1,gpcrdb_iuphar
P35414,Gq,0,gpcrdb_iuphar
P50052,G12_13,0,gpcrdb_iuphar
P30411,Gq,1,gpcrdb_iuphar
P50052,Gs,0,gpcrdb_iuphar
P30411,Gi,1,gpcrdb_iuphar
P30411,G12_13,0,gpcrdb_iuphar
P25101,Gq,1,gpcrdb_iuphar
Q9P296,G12_13,0,gpcrdb_iuphar
Q9P296,Gs,0,gpcrdb_iuphar
Q9P296,Gi,0,gpcrdb_iuphar
Q9P296,Gq,0,gpcrdb_iuphar
P21730,G12_13,0,gpcrdb_iuphar
P21730,Gs,0,gpcrdb_iuphar
P21730,Gi,1,gpcrdb_iuphar
P21730,Gq,1,gpcrdb_iuphar
Q16581,G12_13,0,gpcrdb_iuphar
Q16581,Gs,0,gpcrdb_iuphar
Q16581,Gi,0,gpcrdb_iuphar
Q16581,Gq,0,gpcrdb_iuphar
P32239,G12_13,0,gpcrdb_iuphar
P32239,Gs,0,gpcrdb_iuphar
P32239,Gi,0,gpcrdb_iuphar
P32239,Gq,1,gpcrdb_iuphar
P32238,G12_13,0,gpcrdb_iuphar
P32238,Gs,1,gpcrdb_iuphar
P32238,Gi,0,gpcrdb_iuphar
P32238,Gq,1,gpcrdb_iuphar
P30411,Gs,1,gpcrdb_iuphar
P08588,G12_13,0,gpcrdb_iuphar
P50052,Gi,1,gpcrdb_iuphar
P30556,G12_13,0,gpcrdb_iuphar
P21918,Gi,0,gpcrdb_iuphar
P21918,Gq,0,gpcrdb_iuphar
P21917,G12_13,0,gpcrdb_iuphar
P21917,Gs,0,gpcrdb_iuphar
P21917,Gi,1,gpcrdb_iuphar
P21917,Gq,0,gpcrdb_iuphar
P35462,G12_13,0,gpcrdb_iuphar
P35462,Gs,0,gpcrdb_iuphar
P35462,Gi,1,gpcrdb_iuphar
P35462,Gq,0,gpcrdb_iuphar
P21728,G12_13,0,gpcrdb_iuphar
P21728,Gs,1,gpcrdb_iuphar
P21728,Gi,0,gpcrdb_iuphar
P21728,Gq,0,gpcrdb_iuphar
P13945,G12_13,0,gpcrdb_iuphar
P13945,Gs,1,gpcrdb_iuphar
P13945,Gi,1,gpcrdb_iuphar
P13945,Gq,0,gpcrdb_iuphar
P07550,G12_13,0,gpcrdb_iuphar
P07550,Gs,1,gpcrdb_iuphar
P07550,Gi,1,gpcrdb_iuphar
P21918,Gs,1,gpcrdb_iuphar
P50052,Gq,0,gpcrdb_iuphar
P21918,G12_13,0,gpcrdb_iuphar
P35367,Gi,0,gpcrdb_iuphar
P30556,Gs,0,gpcrdb_iuphar
P30556,Gi,1,gpcrdb_iuphar
P30556,Gq,1,gpcrdb_iuphar
Q96RJ0,G12_13,0,gpcrdb_iuphar
Q96RJ0,Gs,1,gpcrdb_iuphar
Q96RJ0,Gi,0,gpcrdb_iuphar
Q96RJ0,Gq,1,gpcrdb_iuphar
Q9H3N8,G12_13,0,gpcrdb_iuphar
Q9H3N8,Gs,0,gpcrdb_iuphar
Q9H3N8,Gi,1,gpcrdb_iuphar
Q9H3N8,Gq,0,gpcrdb_iuphar
Q9Y5N1,G12_13,0,gpcrdb_iuphar
Q9Y5N1,Gs,0,gpcrdb_iuphar
Q9Y5N1,Gi,1,gpcrdb_iuphar
Q9Y5N1,Gq,0,gpcrdb_iuphar
P25021,G12_13,0,gpcrdb_iuphar
P25021,Gs,1,gpcrdb_iuphar
P25021,Gi,0,gpcrdb_iuphar
P25021,Gq,1,gpcrdb_iuphar
P35367,G12_13,0,gpcrdb_iuphar
P35367,Gs,0,gpcrdb_iuphar
P35367,Gq,1,gpcrdb_iuphar
P30872,Gs,0,gpcrdb_iuphar
Q96P65,Gq,1,gpcrdb_iuphar
P30874,Gq,0,gpcrdb_iuphar
P25105,Gs,0,gpcrdb_iuphar
P25105,Gi,1,gpcrdb_iuphar
P25105,Gq,1,gpcrdb_iuphar
Q8TDV5,G12_13,0,gpcrdb_iuphar
Q8TDV5,Gs,1,gpcrdb_iuphar
Q8TDV5,Gi,0,gpcrdb_iuphar
Q8TDV5,Gq,0,gpcrdb_iuphar
Q9Y2T6,G12_13,1,gpcrdb_iuphar
Q9Y2T6,Gs,0,gpcrdb_iuphar
P25105,G12_13,0,gpcrdb_iuphar
Q9Y2T6,Gi,0,gpcrdb_iuphar
Q14330,G12_13,0,gpcrdb_iuphar
Q14330,Gs,0,gpcrdb_iuphar
Q14330,Gi,1,gpcrdb_iuphar
Q14330,Gq,1,gpcrdb_iuphar
P34972,G12_13,0,gpcrdb_iuphar
P34972,Gs,1,gpcrdb_iuphar
P34972,Gi,1,gpcrdb_iuphar
P34972,Gq,0,gpcrdb_iuphar
P21554,G12_13,0,gpcrdb_iuphar
Q9Y2T6,Gq,1,gpcrdb_iuphar
Q13258,Gq,0,gpcrdb_iuphar
Q13258,Gi,0,gpcrdb_iuphar
Q13258,Gs,1,gpcrdb_iuphar
Q15391,G12_13,0,gpcrdb_iuphar
Q15391,Gs,0,gpcrdb_iuphar
Q15391,Gi,1,gpcrdb_iuphar
Q15391,Gq,0,gpcrdb_iuphar
P43115,G12_13,0,gpcrdb_iuphar
P43115,Gs,0,gpcrdb_iuphar
P43115,Gi,1,gpcrdb_iuphar
P43115,Gq,1,gpcrdb_iuphar
P43116,G12_13,0,gpcrdb_iuphar
P43116,Gs,1,gpcrdb_iuphar
P43116,Gi,0,gpcrdb_iuphar
P43116,Gq,0,gpcrdb_iuphar
P34995,G12_13,0,gpcrdb_iuphar
P34995,Gs,0,gpcrdb_iuphar
P34995,Gi,1,gpcrdb_iuphar
P34995,Gq,1,gpcrdb_iuphar
Q9Y5Y4,G12_13,0,gpcrdb_iuphar
Q9Y5Y4,Gs,0,gpcrdb_iuphar
Q9Y5Y4,Gi,1,gpcrdb_iuphar
Q9Y5Y4,Gq,0,gpcrdb_iuphar
Q13258,G12_13,0,gpcrdb_iuphar
P21554,Gs,1,gpcrdb_iuphar
P21554,Gi,1,gpcrdb_iuphar
P21554,Gq,0,gpcrdb_iuphar
Q9H228,G12_13,1,gpcrdb_iuphar
Q9H1C0,Gi,0,gpcrdb_iuphar
Q9H1C0,Gq,1,gpcrdb_iuphar
Q99677,G12_13,1,gpcrdb_iuphar
Q99677,Gs,1,gpcrdb_iuphar
Q99677,Gi,1,gpcrdb_iuphar
Q99677,Gq,1,gpcrdb_iuphar
Q9UBY5,G12_13,0,gpcrdb_iuphar
Q9UBY5,Gs,0,gpcrdb_iuphar
Q9UBY5,Gi,1,gpcrdb_iuphar
Q9UBY5,Gq,1,gpcrdb_iuphar
Q9HBW0,G12_13,1,gpcrdb_iuphar
Q9HBW0,Gs,0,gpcrdb_iuphar
Q9HBW0,Gi,1,gpcrdb_iuphar
Q9HBW0,Gq,1,gpcrdb_iuphar
Q92633,G12_13,1,gpcrdb_iuphar
Q92633,Gs,0,gpcrdb_iuphar
Q92633,Gi,1,gpcrdb_iuphar
Q92633,Gq,1,gpcrdb_iuphar
Q8TDS5,G12_13,0,gpcrdb_iuphar
Q8TDS5,Gs,0,gpcrdb_iuphar
Q8TDS5,Gi,1,gpcrdb_iuphar
Q9H1C0,Gs,0,gpcrdb_iuphar
P35408,Gq,0,gpcrdb_iuphar
Q9H1C0,G12_13,1,gpcrdb_iuphar
P43657,Gi,1,gpcrdb_iuphar
Q9H228,Gs,0,gpcrdb_iuphar
Q9H228,Gi,1,gpcrdb_iuphar
Q9H228,Gq,0,gpcrdb_iuphar
O95977,G12_13,1,gpcrdb_iuphar
O95977,Gs,0,gpcrdb_iuphar
P30872,G12_13,0,gpcrdb_iuphar
O95977,Gq,0,gpcrdb_iuphar
Q99500,G12_13,1,gpcrdb_iuphar
Q99500,Gs,0,gpcrdb_iuphar
Q99500,Gi,1,gpcrdb_iuphar
Q99500,Gq,1,gpcrdb_iuphar
O95136,G12_13,1,gpcrdb_iuphar
O95136,Gs,1,gpcrdb_iuphar
O95136,Gi,0,gpcrdb_iuphar
O95136,Gq,1,gpcrdb_iuphar
P21453,G12_13,0,gpcrdb_iuphar
P21453,Gs,0,gpcrdb_iuphar
P21453,Gi,1,gpcrdb_iuphar
P21453,Gq,0,gpcrdb_iuphar
P43657,G12_13,1,gpcrdb_iuphar
P43657,Gs,1,gpcrdb_iuphar
P43657,Gq,0,gpcrdb_iuphar
P35408,Gi,1,gpcrdb_iuphar
P35408,Gs,1,gpcrdb_iuphar
P35408,G12_13,0,gpcrdb_iuphar
Q99527,Gs,1,gpcrdb_iuphar
Q99527,Gi,1,gpcrdb_iuphar
Q99527,Gq,0,gpcrdb_iuphar
Q8TDU6,G12_13,0,gpcrdb_iuphar
Q8TDU6,Gs,1,gpcrdb_iuphar
Q8TDU6,Gi,0,gpcrdb_iuphar
Q8TDU6,Gq,0,gpcrdb_iuphar
Q9BPV8,G12_13,0,gpcrdb_iuphar
Q9BPV8,Gs,0,gpcrdb_iuphar
Q9BPV8,Gi,1,gpcrdb_iuphar
Q9BPV8,Gq,0,gpcrdb_iuphar
Q9H244,G12_13,0,gpcrdb_iuphar
Q9H244,Gs,0,gpcrdb_iuphar
Q9H244,Gi,0,gpcrdb_iuphar
Q9H244,Gq,0,gpcrdb_iuphar
Q96G91,G12_13,0,gpcrdb_iuphar
Q96G91,Gs,1,gpcrdb_iuphar
Q96G91,Gi,0,gpcrdb_iuphar
Q96G91,Gq,1,gpcrdb_iuphar
Q15077,G12_13,1,gpcrdb_iuphar
Q15077,Gs,0,gpcrdb_iuphar
Q99527,G12_13,0,gpcrdb_iuphar
Q15077,Gi,0,gpcrdb_iuphar
Q9BXC0,Gq,0,gpcrdb_iuphar
Q9BXC0,Gs,0,gpcrdb_iuphar
P08100,G12_13,0,gpcrdb_iuphar
P08100,Gs,0,gpcrdb_iuphar
P08100,Gi,0,gpcrdb_iuphar
P08100,Gq,0,gpcrdb_iuphar
Q9BXA5,G12_13,0,gpcrdb_iuphar
Q9BXA5,Gs,0,gpcrdb_iuphar
Q9BXA5,Gi,1,gpcrdb_iuphar
Q9BXA5,Gq,1,gpcrdb_iuphar
Q96P68,G12_13,0,gpcrdb_iuphar
Q96P68,Gs,0,gpcrdb_iuphar
Q96P68,Gi,0,gpcrdb_iuphar
Q96P68,Gq,1,gpcrdb_iuphar
P49019,G12_13,0,gpcrdb_iuphar
P49019,Gs,0,gpcrdb_iuphar
P49019,Gi,1,gpcrdb_iuphar
P49019,Gq,0,gpcrdb_iuphar
Q8TDS4,G12_13,0,gpcrdb_iuphar
Q8TDS4,Gs,0,gpcrdb_iuphar
Q8TDS4,Gi,1,gpcrdb_iuphar
Q8TDS4,Gq,0,gpcrdb_iuphar
Q9BXC0,G12_13,0,gpcrdb_iuphar
Q9BXC0,Gi,1,gpcrdb_iuphar
Q8TDS5,Gq,0,gpcrdb_iuphar
Q15077,Gq,1,gpcrdb_iuphar
P51582,Gs,0,gpcrdb_iuphar
P30542,Gq,1,gpcrdb_iuphar
P49286,G12_13,0,gpcrdb_iuphar
P49286,Gs,0,gpcrdb_iuphar
P49286,Gi,1,gpcrdb_iuphar
P49286,Gq,0,gpcrdb_iuphar
P48039,G12_13,0,gpcrdb_iuphar
P48039,Gs,0,gpcrdb_iuphar
P48039,Gi,1,gpcrdb_iuphar
P48039,Gq,1,gpcrdb_iuphar
P21731,G12_13,0,gpcrdb_iuphar
P21731,Gs,0,gpcrdb_iuphar
P21731,Gi,0,gpcrdb_iuphar
P21731,Gq,1,gpcrdb_iuphar
P43119,G12_13,0,gpcrdb_iuphar
P43119,Gs,1,gpcrdb_iuphar
P43119,Gi,1,gpcrdb_iuphar
P43119,Gq,1,gpcrdb_iuphar
P43088,G12_13,0,gpcrdb_iuphar
P43088,Gs,1,gpcrdb_iuphar
P43088,Gi,0,gpcrdb_iuphar
P43088,Gq,1,gpcrdb_iuphar
P30542,Gi,1,gpcrdb_iuphar
P51582,G12_13,0,gpcrdb_iuphar
P30542,Gs,1,gpcrdb_iuphar
P29274,Gq,1,gpcrdb_iuphar
P51582,Gi,0,gpcrdb_iuphar
P51582,Gq,1,gpcrdb_iuphar
P41231,G12_13,1,gpcrdb_iuphar
P41231,Gs,0,gpcrdb_iuphar
P41231,Gi,1,gpcrdb_iuphar
P41231,Gq,1,gpcrdb_iuphar
P47900,G12_13,0,gpcrdb_iuphar
P47900,Gs,0,gpcrdb_iuphar
P47900,Gi,1,gpcrdb_iuphar
P47900,Gq,1,gpcrdb_iuphar
P0DMS8,G12_13,0,gpcrdb_iuphar
P0DMS8,Gs,0,gpcrdb_iuphar
P0DMS8,Gi,1,gpcrdb_iuphar
P0DMS8,Gq,0,gpcrdb_iuphar
P29275,G12_13,0,gpcrdb_iuphar
P29275,Gs,1,gpcrdb_iuphar
P29275,Gi,0,gpcrdb_iuphar
P29275,Gq,1,gpcrdb_iuphar
P29274,G12_13,0,gpcrdb_iuphar
P29274,Gs,1,gpcrdb_iuphar
P29274,Gi,0,gpcrdb_iuphar
P30542,G12_13,0,gpcrdb_iuphar
Q9NS75,G12_13,0,gpcrdb_iuphar
O95977,Gi,1,gpcrdb_iuphar
Q9NS75,Gi,1,gpcrdb_iuphar
P51677,G12_13,0,gpcrdb_iuphar
P51677,Gs,0,gpcrdb_iuphar
P51677,Gi,1,gpcrdb_iuphar
P51677,Gq,0,gpcrdb_iuphar
P41597,G12_13,0,gpcrdb_iuphar
P41597,Gs,0,gpcrdb_iuphar
P41597,Gi,1,gpcrdb_iuphar
P41597,Gq,0,gpcrdb_iuphar
P32246,G12_13,0,gpcrdb_iuphar
P32246,Gs,0,gpcrdb_iuphar
P32246,Gi,1,gpcrdb_iuphar
P32246,Gq,0,gpcrdb_iuphar
Q99788,G12_13,0,gpcrdb_iuphar
Q99788,Gs,0,gpcrdb_iuphar
Q99788,Gi,1,gpcrdb_iuphar
Q9NS75,Gs,0,gpcrdb_iuphar
P30559,G12_13,0,gpcrdb_iuphar
P30559,Gs,0,gpcrdb_iuphar
P30559,Gi,1,gpcrdb_iuphar
P30559,Gq,1,gpcrdb_iuphar
P30518,G12_13,0,gpcrdb_iuphar
P51679,Gq,0,gpcrdb_iuphar
P30518,Gs,1,gpcrdb_iuphar
P51679,Gi,1,gpcrdb_iuphar
P51679,G12_13,0,gpcrdb_iuphar
P46092,Gq,0,gpcrdb_iuphar
P51686,G12_13,0,gpcrdb_iuphar
P51686,Gs,0,gpcrdb_iuphar
P51686,Gi,1,gpcrdb_iuphar
P51686,Gq,0,gpcrdb_iuphar
P51685,G12_13,0,gpcrdb_iuphar
P51685,Gs,0,gpcrdb_iuphar
P51685,Gi,1,gpcrdb_iuphar
P51685,Gq,0,gpcrdb_iuphar
P32248,G12_13,0,gpcrdb_iuphar
P32248,Gs,0,gpcrdb_iuphar
P32248,Gi,1,gpcrdb_iuphar
P32248,Gq,0,gpcrdb_iuphar
P51684,G12_13,0,gpcrdb_iuphar
P51684,Gs,0,gpcrdb_iuphar
P51684,Gi,1,gpcrdb_iuphar
P51684,Gq,0,gpcrdb_iuphar
P51681,G12_13,0,gpcrdb_iuphar
P51681,Gs,0,gpcrdb_iuphar
P51681,Gi,1,gpcrdb_iuphar
P51681,Gq,0,gpcrdb_iuphar
P51679,Gs,0,gpcrdb_iuphar
P46092,Gi,1,gpcrdb_iuphar
P30518,Gi,0,gpcrdb_iuphar
P47901,G12_13,0,gpcrdb_iuphar
P21452,Gi,0,gpcrdb_iuphar
P21452,Gq,1,gpcrdb_iuphar
P25103,G12_13,0,gpcrdb_iuphar
P25103,Gs,1,gpcrdb_iuphar
P25103,Gi,0,gpcrdb_iuphar
P25103,Gq,1,gpcrdb_iuphar
P35346,G12_13,0,gpcrdb_iuphar
P35346,Gs,0,gpcrdb_iuphar
P35346,Gi,1,gpcrdb_iuphar
P35346,Gq,0,gpcrdb_iuphar
P31391,G12_13,0,gpcrdb_iuphar
P31391,Gs,0,gpcrdb_iuphar
P31391,Gi,1,gpcrdb_iuphar
P31391,Gq,0,gpcrdb_iuphar
P32745,G12_13,0,gpcrdb_iuphar
P32745,Gs,0,gpcrdb_iuphar
P32745,Gi,1,gpcrdb_iuphar
P32745,Gq,0,gpcrdb_iuphar
P30874,G12_13,0,gpcrdb_iuphar
P30874,Gs,0,gpcrdb_iuphar
P30874,Gi,1,gpcrdb_iuphar
P21452,Gs,1,gpcrdb_iuphar
P30518,Gq,0,gpcrdb_iuphar
P21452,G12_13,0,gpcrdb_iuphar
P29371,Gi,0,gpcrdb_iuphar
P47901,Gs,0,gpcrdb_iuphar
P47901,Gi,0,gpcrdb_iuphar
P47901,Gq,1,gpcrdb_iuphar
P37288,G12_13,0,gpcrdb_iuphar
P37288,Gs,0,gpcrdb_iuphar
P37288,Gi,0,gpcrdb_iuphar
P37288,Gq,1,gpcrdb_iuphar
Q9UKP6,G12_13,0,gpcrdb_iuphar
Q9UKP6,Gs,0,gpcrdb_iuphar
Q9UKP6,Gi,0,gpcrdb_iuphar
Q9UKP6,Gq,1,gpcrdb_iuphar
P34981,G12_13,0,gpcrdb_iuphar
P34981,Gs,0,gpcrdb_iuphar
P34981,Gi,0,gpcrdb_iuphar
P34981,Gq,1,gpcrdb_iuphar
P25025,G12_13,0,gpcrdb_iuphar
P25025,Gs,0,gpcrdb_iuphar
P25025,Gi,1,gpcrdb_iuphar
P25025,Gq,0,gpcrdb_iuphar
P29371,G12_13,0,gpcrdb_iuphar
P29371,Gs,0,gpcrdb_iuphar
P29371,Gq,1,gpcrdb_iuphar
P46092,Gs,0,gpcrdb_iuphar
Q99788,Gq,0,gpcrdb_iuphar
P49682,Gq,0,gpcrdb_iuphar
O15552,G12_13,0,gpcrdb_iuphar
O15552,Gs,0,gpcrdb_iuphar
O15552,Gi,1,gpcrdb_iuphar
O15552,Gq,1,gpcrdb_iuphar
O14842,G12_13,0,gpcrdb_iuphar
O14842,Gs,1,gpcrdb_iuphar
O14842,Gi,1,gpcrdb_iuphar
O14842,Gq,1,gpcrdb_iuphar
Q8NFJ6,G12_13,0,gpcrdb_iuphar
Q8NFJ6,Gs,1,gpcrdb_iuphar
Q8NFJ6,Gi,1,gpcrdb_iuphar
Q8NFJ6,Gq,1,gpcrdb_iuphar
Q8TCW9,G12_13,0,gpcrdb_iuphar
Q8TCW9,Gs,1,gpcrdb_iuphar
Q8TCW9,Gi,0,gpcrdb_iuphar
Q8TCW9,Gq,1,gpcrdb_iuphar
P16473,G12_13,0,gpcrdb_iuphar
P16473,Gs,1,gpcrdb_iuphar
P16473,Gi,0,gpcrdb_iuphar
P16473,Gq,1,gpcrdb_iuphar
P22888,G12_13,0,gpcrdb_iuphar
O14843,Gq,0,gpcrdb_iuphar
P22888,Gs,1,gpcrdb_iuphar
O14843,Gi,1,gpcrdb_iuphar
O14843,G12_13,0,gpcrdb_iuphar
Q9NS75,Gq,1,gpcrdb_iuphar
Q9Y271,G12_13,0,gpcrdb_iuphar
Q9Y271,Gs,0,gpcrdb_iuphar
Q9Y271,Gi,1,gpcrdb_iuphar
Q9Y271,Gq,1,gpcrdb_iuphar
Q9NPC1,G12_13,0,gpcrdb_iuphar
P46092,G12_13,0,gpcrdb_iuphar
Q9NPC1,Gi,1,gpcrdb_iuphar
Q9NPC1,Gq,1,gpcrdb_iuphar
Q15722,G12_13,0,gpcrdb_iuphar
Q15722,Gs,0,gpcrdb_iuphar
Q15722,Gi,1,gpcrdb_iuphar
Q15722,Gq,1,gpcrdb_iuphar
O15529,G12_13,0,gpcrdb_iuphar
O15529,Gs,0,gpcrdb_iuphar
O15529,Gi,0,gpcrdb_iuphar
O15529,Gq,0,gpcrdb_iuphar
Q5NUL3,G12_13,0,gpcrdb_iuphar
Q5NUL3,Gs,0,gpcrdb_iuphar
Q5NUL3,Gi,0,gpcrdb_iuphar
Q5NUL3,Gq,1,gpcrdb_iuphar
O14843,Gs,0,gpcrdb_iuphar
P22888,Gi,0,gpcrdb_iuphar
Q9NPC1,Gs,0,gpcrdb_iuphar
P23945,G12_13,0,gpcrdb_iuphar
P46094,Gi,1,gpcrdb_iuphar
P46094,Gq,0,gpcrdb_iuphar
P49238,G12_13,0,gpcrdb_iuphar
P49238,Gs,0,gpcrdb_iuphar
P49238,Gi,1,gpcrdb_iuphar
P49238,Gq,0,gpcrdb_iuphar
O00574,G12_13,0,gpcrdb_iuphar
O00574,Gs,0,gpcrdb_iuphar
O00574,Gi,1,gpcrdb_iuphar
O00574,Gq,0,gpcrdb_iuphar
P32302,G12_13,0,gpcrdb_iuphar
P32302,Gs,0,gpcrdb_iuphar
P32302,Gi,1,gpcrdb_iuphar
P32302,Gq,0,gpcrdb_iuphar
P61073,G12_13,0,gpcrdb_iuphar
P61073,Gs,0,gpcrdb_iuphar
P61073,Gi,1,gpcrdb_iuphar
P49682,G12_13,0,gpcrdb_iuphar
P49682,Gs,0,gpcrdb_iuphar
P49682,Gi,1,gpcrdb_iuphar
P22888,Gq,1,gpcrdb_iuphar
P46094,Gs,0,gpcrdb_iuphar
P46094,G12_13,0,gpcrdb_iuphar
P61073,Gq,0,gpcrdb_iuphar
Q16570,Gi,0,gpcrdb_iuphar
Q16570,Gq,0,gpcrdb_iuphar
P23945,Gi,1,gpcrdb_iuphar
P23945,Gs,1,gpcrdb_iuphar
O00421,G12_13,0,gpcrdb_iuphar
O00421,Gs,0,gpcrdb_iuphar
O00421,Gi,0,gpcrdb_iuphar
O00421,Gq,0,gpcrdb_iuphar
Q9NPB9,G12_13,0,gpcrdb_iuphar
Q9NPB9,Gs,0,gpcrdb_iuphar
Q9NPB9,Gi,0,gpcrdb_iuphar
P23945,Gq,1,gpcrdb_iuphar
P25106,G12_13,0,gpcrdb_iuphar
Q9NPB9,Gq,0,gpcrdb_iuphar
Q16570,G12_13,0,gpcrdb_iuphar
O00590,Gi,0,gpcrdb_iuphar
O00590,Gs,0,gpcrdb_iuphar
O00590,Gq,0,gpcrdb_iuphar
P25106,Gq,0,gpcrdb_iuphar
P25106,Gi,0,gpcrdb_iuphar
P25106,Gs,0,gpcrdb_iuphar
O00590,G12_13,0,gpcrdb_iuphar
Q16570,Gs,0,gpcrdb_iuphar
B_P32247,Gq,1,local_seed
G_P30550,Gq,1,local_seed
P_P55085,Gq,1,local_seed
N_P28336,Gq,1,local_seed
A_P50052,Gq,1,local_seed
E_P24530,Gq,1,local_seed
5_P28335,Gq,1,local_seed
P_Q96RI0,Gq,1,local_seed
T_P21731,Gq,1,local_seed
P14373,Gq,0,local_seed
P_P25116,Gq,1,local_seed
N_P25929,Gq,1,local_seed
G_P47211,Gq,0,local_seed
N_Q15761,Gq,1,local_seed
C_P30988,Gq,0,local_seed
C_Q13324,Gq,0,local_seed
C_P34998,Gq,0,local_seed
P_Q03431,Gq,0,local_seed
V_P32241,Gq,0,local_seed
P_P41586,Gq,0,local_seed
C_P34972,Gq,0,local_seed
N_P49146,Gq,1,local_seed
M_P49286,Gq,0,local_seed
G_O43603,Gq,0,local_seed
S_P30872,Gq,0,local_seed
M_P08173,Gq,0,local_seed
M_P08172,Gq,0,local_seed
H_Q9H3N8,Gq,0,local_seed
A_P18089,Gq,0,local_seed
L_Q92633,Gq,1,local_seed
S_O95136,Gq,1,local_seed
M_P48039,Gq,0,local_seed
Q8WTU4,Gq,1,local_seed
Q02136,Gq,1,local_seed
P97772,Gq,1,local_seed
P56485,Gq,1,local_seed
O57405,Gq,1,local_seed
P18084,Gq,1,local_seed
F_P23945,Gq,0,local_seed
Q9Y5Y9,Gq,1,local_seed
Q9I8K8,Gq,1,local_seed
Q95P33,Gq,1,local_seed
O13024,Gq,1,local_seed
Q865B0,Gq,1,local_seed
Q9TTK9,Gq,1,local_seed
Q9XTA5,Gq,1,local_seed
Q9GKS9,Gq,1,local_seed
Q865A8,Gq,1,local_seed
Q9TTK8,Gq,1,local_seed
Q28909,Gq,1,local_seed
L_P22888,Gq,0,local_seed
